
{
  "Cm1" : 2853.6789,
  "Cm1_brake" : 356.1283,
  "Cm2" : 0.0,

  "Cr0" : 71.272,
  "Cr2" : 0.542445,

  "Br" 	: 5.0046,
  "Cr" 	: 3.0957,
  "Dr" 	: 5135.5744,

  "Bf"	: 7.94373,
  "Cf" 	: 1.7680,
  "Df" 	: 4037.3973,

  "m" 	: 481.6,
  "Iz" 	: 550,
  "lf" 	: 1.738476549225652,
  "lr" 	: 1.232523450774348,

  "car_l": 2.971,
  "car_w": 2.0,

  "g"   : 9.81,

  "R_in" : 12,
  "R_out" : 12,

  "max_dist_proj": 5.0,

  "E_long" : 0.3,
  "E_eps" : 0.1,

  "maxAlpha" : 0.6,

  "initial_velocity" : 1.0,
  "s_trust_region" : 1.0,

  "vx_zero": 0.3
}